{"polyfill":["/polyfill-b956c9de3785d6b525c1.js"],"app":["/app-ebb39f9a9c4432cf7db5.js"],"component---cache-caches-gatsby-plugin-offline-app-shell-js":["/component---cache-caches-gatsby-plugin-offline-app-shell-js-0097d26fbd474b34ff9b.js"],"component---src-pages-404-js":["/component---src-pages-404-js-2a4e9ee5c1fb0e4cfe6f.js"],"component---src-pages-about-us-js":["/component---src-pages-about-us-js-767c1347fda14bcca151.js"],"component---src-pages-asphalt-js":["/component---src-pages-asphalt-js-a156762cb27e04256f27.js"],"component---src-pages-elements-js":["/component---src-pages-elements-js-15448cb56d9c67b24105.js"],"component---src-pages-generic-js":["/component---src-pages-generic-js-e9d7111af63ad3cecac4.js"],"component---src-pages-get-a-quote-js":["/component---src-pages-get-a-quote-js-1a2ff55c37662e0b1b4b.js"],"component---src-pages-index-js":["/component---src-pages-index-js-4ba67ccb8f46129a2bb1.js"],"component---src-pages-landing-js":["/component---src-pages-landing-js-5b2d3e761735e125c897.js"],"component---src-pages-stone-js":["/component---src-pages-stone-js-806e00015e6a6291baf9.js"]}