{"errors":[],"warnings":[],"namedChunkGroups":{"polyfill":{"chunks":[2,15],"assets":["webpack-runtime-4dcbb94c305b6acbe085.js","webpack-runtime-4dcbb94c305b6acbe085.js.map","polyfill-b956c9de3785d6b525c1.js","polyfill-b956c9de3785d6b525c1.js.map"],"children":{},"childAssets":{}},"app":{"chunks":[2,14,3],"assets":["webpack-runtime-4dcbb94c305b6acbe085.js","webpack-runtime-4dcbb94c305b6acbe085.js.map","framework-1a1efb3f5c798a012f4a.js","framework-1a1efb3f5c798a012f4a.js.map","app-ebb39f9a9c4432cf7db5.js","app-ebb39f9a9c4432cf7db5.js.map"],"children":{},"childAssets":{}},"component---cache-caches-gatsby-plugin-offline-app-shell-js":{"chunks":[4],"assets":["component---cache-caches-gatsby-plugin-offline-app-shell-js-0097d26fbd474b34ff9b.js","component---cache-caches-gatsby-plugin-offline-app-shell-js-0097d26fbd474b34ff9b.js.map"],"children":{},"childAssets":{}},"component---src-pages-404-js":{"chunks":[0,5],"assets":["styles.ac6f75b388001e2f55c6.css","styles-89fd2ae28bdf06750a71.js","styles-89fd2ae28bdf06750a71.js.map","component---src-pages-404-js-2a4e9ee5c1fb0e4cfe6f.js","component---src-pages-404-js-2a4e9ee5c1fb0e4cfe6f.js.map"],"children":{},"childAssets":{}},"component---src-pages-about-us-js":{"chunks":[0,1,6],"assets":["styles.ac6f75b388001e2f55c6.css","styles-89fd2ae28bdf06750a71.js","styles-89fd2ae28bdf06750a71.js.map","433384f40556e12b1b4edf3ff9d3d7d5d6d8f0a9-ce79c7bf71b5b50740d9.js","433384f40556e12b1b4edf3ff9d3d7d5d6d8f0a9-ce79c7bf71b5b50740d9.js.map","component---src-pages-about-us-js-767c1347fda14bcca151.js","component---src-pages-about-us-js-767c1347fda14bcca151.js.map"],"children":{},"childAssets":{}},"component---src-pages-asphalt-js":{"chunks":[0,1,7],"assets":["styles.ac6f75b388001e2f55c6.css","styles-89fd2ae28bdf06750a71.js","styles-89fd2ae28bdf06750a71.js.map","433384f40556e12b1b4edf3ff9d3d7d5d6d8f0a9-ce79c7bf71b5b50740d9.js","433384f40556e12b1b4edf3ff9d3d7d5d6d8f0a9-ce79c7bf71b5b50740d9.js.map","component---src-pages-asphalt-js-a156762cb27e04256f27.js","component---src-pages-asphalt-js-a156762cb27e04256f27.js.map"],"children":{},"childAssets":{}},"component---src-pages-elements-js":{"chunks":[0,1,8],"assets":["styles.ac6f75b388001e2f55c6.css","styles-89fd2ae28bdf06750a71.js","styles-89fd2ae28bdf06750a71.js.map","433384f40556e12b1b4edf3ff9d3d7d5d6d8f0a9-ce79c7bf71b5b50740d9.js","433384f40556e12b1b4edf3ff9d3d7d5d6d8f0a9-ce79c7bf71b5b50740d9.js.map","component---src-pages-elements-js-15448cb56d9c67b24105.js","component---src-pages-elements-js-15448cb56d9c67b24105.js.map"],"children":{},"childAssets":{}},"component---src-pages-generic-js":{"chunks":[0,1,9],"assets":["styles.ac6f75b388001e2f55c6.css","styles-89fd2ae28bdf06750a71.js","styles-89fd2ae28bdf06750a71.js.map","433384f40556e12b1b4edf3ff9d3d7d5d6d8f0a9-ce79c7bf71b5b50740d9.js","433384f40556e12b1b4edf3ff9d3d7d5d6d8f0a9-ce79c7bf71b5b50740d9.js.map","component---src-pages-generic-js-e9d7111af63ad3cecac4.js","component---src-pages-generic-js-e9d7111af63ad3cecac4.js.map"],"children":{},"childAssets":{}},"component---src-pages-get-a-quote-js":{"chunks":[0,1,10],"assets":["styles.ac6f75b388001e2f55c6.css","styles-89fd2ae28bdf06750a71.js","styles-89fd2ae28bdf06750a71.js.map","433384f40556e12b1b4edf3ff9d3d7d5d6d8f0a9-ce79c7bf71b5b50740d9.js","433384f40556e12b1b4edf3ff9d3d7d5d6d8f0a9-ce79c7bf71b5b50740d9.js.map","component---src-pages-get-a-quote-js-1a2ff55c37662e0b1b4b.js","component---src-pages-get-a-quote-js-1a2ff55c37662e0b1b4b.js.map"],"children":{},"childAssets":{}},"component---src-pages-index-js":{"chunks":[0,1,11],"assets":["styles.ac6f75b388001e2f55c6.css","styles-89fd2ae28bdf06750a71.js","styles-89fd2ae28bdf06750a71.js.map","433384f40556e12b1b4edf3ff9d3d7d5d6d8f0a9-ce79c7bf71b5b50740d9.js","433384f40556e12b1b4edf3ff9d3d7d5d6d8f0a9-ce79c7bf71b5b50740d9.js.map","component---src-pages-index-js-4ba67ccb8f46129a2bb1.js","component---src-pages-index-js-4ba67ccb8f46129a2bb1.js.map"],"children":{},"childAssets":{}},"component---src-pages-landing-js":{"chunks":[0,1,12],"assets":["styles.ac6f75b388001e2f55c6.css","styles-89fd2ae28bdf06750a71.js","styles-89fd2ae28bdf06750a71.js.map","433384f40556e12b1b4edf3ff9d3d7d5d6d8f0a9-ce79c7bf71b5b50740d9.js","433384f40556e12b1b4edf3ff9d3d7d5d6d8f0a9-ce79c7bf71b5b50740d9.js.map","component---src-pages-landing-js-5b2d3e761735e125c897.js","component---src-pages-landing-js-5b2d3e761735e125c897.js.map"],"children":{},"childAssets":{}},"component---src-pages-stone-js":{"chunks":[0,1,13],"assets":["styles.ac6f75b388001e2f55c6.css","styles-89fd2ae28bdf06750a71.js","styles-89fd2ae28bdf06750a71.js.map","433384f40556e12b1b4edf3ff9d3d7d5d6d8f0a9-ce79c7bf71b5b50740d9.js","433384f40556e12b1b4edf3ff9d3d7d5d6d8f0a9-ce79c7bf71b5b50740d9.js.map","component---src-pages-stone-js-806e00015e6a6291baf9.js","component---src-pages-stone-js-806e00015e6a6291baf9.js.map"],"children":{},"childAssets":{}}},"assetsByChunkName":{"polyfill":["webpack-runtime-4dcbb94c305b6acbe085.js","polyfill-b956c9de3785d6b525c1.js"],"app":["webpack-runtime-4dcbb94c305b6acbe085.js","framework-1a1efb3f5c798a012f4a.js","app-ebb39f9a9c4432cf7db5.js"],"component---cache-caches-gatsby-plugin-offline-app-shell-js":["component---cache-caches-gatsby-plugin-offline-app-shell-js-0097d26fbd474b34ff9b.js"],"component---src-pages-404-js":["styles.ac6f75b388001e2f55c6.css","styles-89fd2ae28bdf06750a71.js","component---src-pages-404-js-2a4e9ee5c1fb0e4cfe6f.js"],"component---src-pages-about-us-js":["styles.ac6f75b388001e2f55c6.css","styles-89fd2ae28bdf06750a71.js","433384f40556e12b1b4edf3ff9d3d7d5d6d8f0a9-ce79c7bf71b5b50740d9.js","component---src-pages-about-us-js-767c1347fda14bcca151.js"],"component---src-pages-asphalt-js":["styles.ac6f75b388001e2f55c6.css","styles-89fd2ae28bdf06750a71.js","433384f40556e12b1b4edf3ff9d3d7d5d6d8f0a9-ce79c7bf71b5b50740d9.js","component---src-pages-asphalt-js-a156762cb27e04256f27.js"],"component---src-pages-elements-js":["styles.ac6f75b388001e2f55c6.css","styles-89fd2ae28bdf06750a71.js","433384f40556e12b1b4edf3ff9d3d7d5d6d8f0a9-ce79c7bf71b5b50740d9.js","component---src-pages-elements-js-15448cb56d9c67b24105.js"],"component---src-pages-generic-js":["styles.ac6f75b388001e2f55c6.css","styles-89fd2ae28bdf06750a71.js","433384f40556e12b1b4edf3ff9d3d7d5d6d8f0a9-ce79c7bf71b5b50740d9.js","component---src-pages-generic-js-e9d7111af63ad3cecac4.js"],"component---src-pages-get-a-quote-js":["styles.ac6f75b388001e2f55c6.css","styles-89fd2ae28bdf06750a71.js","433384f40556e12b1b4edf3ff9d3d7d5d6d8f0a9-ce79c7bf71b5b50740d9.js","component---src-pages-get-a-quote-js-1a2ff55c37662e0b1b4b.js"],"component---src-pages-index-js":["styles.ac6f75b388001e2f55c6.css","styles-89fd2ae28bdf06750a71.js","433384f40556e12b1b4edf3ff9d3d7d5d6d8f0a9-ce79c7bf71b5b50740d9.js","component---src-pages-index-js-4ba67ccb8f46129a2bb1.js"],"component---src-pages-landing-js":["styles.ac6f75b388001e2f55c6.css","styles-89fd2ae28bdf06750a71.js","433384f40556e12b1b4edf3ff9d3d7d5d6d8f0a9-ce79c7bf71b5b50740d9.js","component---src-pages-landing-js-5b2d3e761735e125c897.js"],"component---src-pages-stone-js":["styles.ac6f75b388001e2f55c6.css","styles-89fd2ae28bdf06750a71.js","433384f40556e12b1b4edf3ff9d3d7d5d6d8f0a9-ce79c7bf71b5b50740d9.js","component---src-pages-stone-js-806e00015e6a6291baf9.js"]}}